qc_id,market,product,source,start,end,timeliness,data_length,completeness,duplicates,mode_D,data_points,DQI,DQI_cat
0,Nairobi,Barley,EAGC-RATIN,2013-05-29,2018-06-14,713,1843,0.007,4,1,9,1.93518423713513,poor
1,Nairobi,Beans,EAGC-RATIN,2016-06-23,2019-10-11,229,2598,0.623,1392,1,227,3.08518961327048,great
2,Nairobi,Peas,EAGC-RATIN,2018-01-04,2019-10-11,229,1282,0.683,636,1,240,2.99565463551836,great
3,Nairobi,Rice,EAGC-RATIN,2015-12-02,2019-07-25,307,1521,0.224,189,1,152,2.70280395951347,good
4,Nairobi,Wheat,EAGC-RATIN,2018-01-16,2019-07-25,307,683,0.328,127,1,97,2.44109774852782,fair
5,Nairobi,Maize,EAGC-RATIN,2018-12-13,2019-10-11,229,357,0.524,78,1,109,2.56598955004973,good
6,Nairobi,Sorghum,EAGC-RATIN,2018-09-10,2019-10-11,229,583,0.619,186,1,175,2.76996215185677,great
7,Nairobi,Millet,EAGC-RATIN,2018-09-06,2019-10-09,231,444,0.423,83,1,105,2.5389444270755,fair
8,Gitega,Beans,EAGC-RATIN,2018-10-11,2019-10-16,224,884,0.777,513,1,174,2.82674784136633,great
9,Gitega,Peas,EAGC-RATIN,2018-01-04,2019-10-16,224,1120,0.646,469,1,255,3.02040305226245,great
10,Gitega,Rice,EAGC-RATIN,2013-06-17,2019-10-16,224,2540,0.163,227,1,187,3.08431066932118,great
11,Gitega,Wheat,EAGC-RATIN,2018-07-11,2019-10-16,224,507,0.404,90,1,115,2.57552404463296,good
12,Gitega,Maize,EAGC-RATIN,2018-12-12,2019-10-16,224,342,0.52,86,1,92,2.52879493419448,fair
13,Gitega,Sorghum,EAGC-RATIN,2018-11-16,2019-10-16,224,371,0.52,94,1,99,2.54885500891145,fair
14,Gitega,Millet,EAGC-RATIN,2019-08-06,2019-10-16,224,79,0.418,11,2,22,2.2900588919852,medium
15,Arusha,Barley,EAGC-RATIN,2018-11-15,2019-05-29,364,277,0.671,81,1,105,2.42369341231916,fair
16,Arusha,Beans,EAGC-RATIN,2018-02-07,2019-10-17,223,1558,0.715,940,1,174,2.86887669143267,great
17,Arusha,Peas,EAGC-RATIN,2018-01-29,2019-10-17,223,1222,0.633,595,1,179,2.84891093735653,great
18,Arusha,Rice,EAGC-RATIN,2014-08-20,2019-10-17,223,2626,0.431,741,1,391,3.52802816211895,great
19,Arusha,Wheat,EAGC-RATIN,2018-08-10,2019-10-17,223,597,0.506,163,1,139,2.66867026150671,good
20,Arusha,Maize,EAGC-RATIN,2018-02-02,2019-10-17,223,764,0.37,141,1,142,2.67130699932434,good
21,Arusha,Sorghum,EAGC-RATIN,2018-09-28,2019-10-17,223,681,0.653,296,1,149,2.73148857649441,good
22,Arusha,Millet,EAGC-RATIN,2018-09-26,2019-10-17,223,690,0.641,303,1,139,2.70627214431148,good
23,Dar es salaam,Beans,EAGC-RATIN,2018-05-17,2019-10-17,223,1196,0.708,677,1,170,2.83163284299604,great
24,Dar es salaam,Peas,EAGC-RATIN,2018-03-02,2019-10-17,223,624,0.099,29,2,33,2.32613481141916,medium
25,Dar es salaam,Rice,EAGC-RATIN,2014-08-20,2019-10-17,223,2183,0.328,298,1,418,3.54505755312538,great
26,Dar es salaam,Wheat,EAGC-RATIN,2018-07-10,2019-10-17,223,495,0.325,68,1,93,2.50393897357252,fair
27,Dar es salaam,Maize,EAGC-RATIN,2018-12-13,2019-10-17,223,334,0.407,58,1,78,2.46501694166351,fair
28,Dar es salaam,Sorghum,EAGC-RATIN,2018-11-19,2019-10-17,223,355,0.392,63,1,76,2.45925434268475,fair
29,Dar es salaam,Millet,EAGC-RATIN,2018-09-17,2019-10-17,223,422,0.36,68,1,84,2.47980537154449,fair
30,Kasese,Beans,EAGC-RATIN,2018-06-19,2019-06-26,336,906,0.73,533,1,128,2.57462218850478,good
31,Kasese,Peas,EAGC-RATIN,2017-12-29,2019-06-26,336,583,0.328,73,1,118,2.43976577102271,fair
32,Kasese,Rice,EAGC-RATIN,2014-12-09,2019-06-26,336,2033,0.381,372,1,403,3.34218227632704,great
33,Kasese,Maize,EAGC-RATIN,2017-08-30,2019-06-26,336,689,0.176,58,1,63,2.29593166170924,medium
34,Kasese,Sorghum,EAGC-RATIN,2018-10-31,2019-06-26,336,266,0.5,64,1,69,2.32234403568239,medium
35,Kasese,Millet,EAGC-RATIN,2018-09-10,2019-06-26,336,319,0.458,67,1,79,2.34100290822825,medium
36,Masindi,Beans,EAGC-RATIN,2018-05-24,2019-10-17,223,850,0.585,338,1,159,2.75934589570259,good
37,Masindi,Peas,EAGC-RATIN,2017-11-02,2019-10-17,223,826,0.341,111,1,171,2.74472750362709,good
38,Masindi,Rice,EAGC-RATIN,2015-05-29,2019-10-17,223,1803,0.202,200,1,164,2.88625290241299,great
39,Masindi,Maize,EAGC-RATIN,2016-08-12,2019-10-17,223,1386,0.305,224,1,199,2.89677820460877,great
40,Masindi,Sorghum,EAGC-RATIN,2018-10-31,2019-10-17,223,376,0.42,68,1,90,2.50291769089314,fair
41,Masindi,Millet,EAGC-RATIN,2018-09-19,2019-10-17,223,431,0.425,77,1,106,2.54990960418983,fair
42,Eldoret,Beans,EAGC-RATIN,2015-12-09,2019-10-11,229,1944,0.368,541,1,174,2.91646210272216,great
43,Eldoret,Peas,EAGC-RATIN,2018-01-05,2019-10-11,229,818,0.484,173,1,223,2.88393056007225,great
44,Eldoret,Rice,EAGC-RATIN,2018-06-28,2019-06-25,337,478,0.469,115,1,109,2.43453096233363,fair
45,Eldoret,Wheat,EAGC-RATIN,2018-07-16,2019-10-11,229,473,0.277,56,1,75,2.43866690429491,fair
46,Eldoret,Maize,EAGC-RATIN,2018-12-13,2019-10-11,229,318,0.362,50,1,65,2.41210683222972,fair
47,Eldoret,Sorghum,EAGC-RATIN,2018-11-26,2019-10-11,229,338,0.382,56,1,73,2.43958927789373,fair
48,Eldoret,Millet,EAGC-RATIN,2018-09-13,2019-10-09,231,410,0.346,59,1,83,2.46221690601222,fair
49,Mombasa,Beans,EAGC-RATIN,2018-05-11,2019-10-01,239,1144,0.712,635,1,180,2.8322031829384,great
50,Mombasa,Peas,EAGC-RATIN,2018-01-23,2019-10-01,239,840,0.461,223,1,164,2.73037406155086,good
51,Mombasa,Rice,EAGC-RATIN,2018-06-05,2019-07-25,307,574,0.5,158,1,129,2.53792309845759,fair
52,Mombasa,Wheat,EAGC-RATIN,2017-05-30,2019-07-23,309,814,0.188,76,1,77,2.38815838297936,medium
53,Mombasa,Maize,EAGC-RATIN,2018-12-13,2019-10-01,239,339,0.507,74,1,98,2.52083178778488,fair
54,Mombasa,Sorghum,EAGC-RATIN,2018-10-29,2019-08-19,282,329,0.465,72,1,81,2.41507501754321,fair
55,Mombasa,Millet,EAGC-RATIN,2018-10-31,2019-10-02,238,371,0.445,79,1,86,2.48098985786428,fair
56,Juba,Beans,EAGC-RATIN,2016-11-21,2019-09-27,243,1320,0.29,279,1,104,2.63461661359814,good
57,Juba,Peas,EAGC-RATIN,2017-02-13,2019-09-27,243,1037,0.238,80,1,167,2.73111384593419,good
58,Juba,Rice,EAGC-RATIN,2018-06-28,2019-09-27,243,492,0.207,35,1,67,2.38898639748652,medium
59,Juba,Wheat,EAGC-RATIN,2018-10-05,2019-09-04,266,355,0.172,20,1,41,2.26437905998318,poor
60,Juba,Maize,EAGC-RATIN,2018-01-24,2019-09-27,243,696,0.264,84,1,100,2.51616285497127,fair
61,Juba,Sorghum,EAGC-RATIN,2018-11-29,2019-09-27,243,357,0.339,54,1,67,2.3994375783431,medium
62,Juba,Millet,EAGC-RATIN,2018-09-25,2019-09-27,243,385,0.231,34,1,55,2.34700307491455,medium
63,Mbeya,Beans,EAGC-RATIN,2017-02-08,2019-06-19,343,1241,0.444,379,1,172,2.6726666776475,good
64,Mbeya,Peas,EAGC-RATIN,2017-12-22,2018-10-25,580,310,0.084,4,1,22,1.80161891765627,poor
65,Mbeya,Rice,EAGC-RATIN,2017-02-06,2019-06-19,343,929,0.321,100,1,198,2.67527373612177,good
66,Mbeya,Wheat,EAGC-RATIN,2018-08-03,2019-06-19,343,348,0.356,54,1,70,2.28727325335552,medium
67,Mbeya,Maize,EAGC-RATIN,2017-05-31,2019-06-19,343,767,0.151,51,1,65,2.30244866468973,medium
68,Mbeya,Sorghum,EAGC-RATIN,2018-11-06,2019-06-19,343,242,0.393,46,1,49,2.23203510175929,poor
69,Iringa,Beans,EAGC-RATIN,2018-08-15,2019-10-17,223,782,0.63,353,1,140,2.7149319506607,good
70,Iringa,Peas,EAGC-RATIN,2017-12-12,2019-10-17,223,723,0.22,48,1,111,2.56324313807852,good
71,Iringa,Rice,EAGC-RATIN,2017-02-16,2019-10-17,223,1174,0.352,200,1,213,2.89988146942818,great
72,Iringa,Wheat,EAGC-RATIN,2018-06-28,2019-10-17,223,510,0.335,75,1,96,2.51579908432085,fair
73,Iringa,Maize,EAGC-RATIN,2018-12-13,2019-10-17,223,332,0.461,77,1,76,2.47473354306854,fair
74,Iringa,Sorghum,EAGC-RATIN,2019-08-05,2019-10-17,223,78,0.256,4,4,16,2.20756916053869,poor
75,Iringa,Millet,EAGC-RATIN,2019-08-05,2019-10-17,223,78,0.308,5,3,19,2.23986242884509,poor
76,Gulu,Beans,EAGC-RATIN,2018-05-11,2019-10-17,223,1012,0.618,487,1,138,2.73024353116566,good
77,Gulu,Peas,EAGC-RATIN,2017-12-14,2019-10-17,223,832,0.385,159,1,161,2.72926966374561,good
78,Gulu,Rice,EAGC-RATIN,2017-03-09,2019-10-17,223,1023,0.2,70,1,135,2.67223508340127,good
79,Gulu,Maize,EAGC-RATIN,2017-03-01,2019-10-17,223,991,0.156,46,1,109,2.59867797714592,good
80,Gulu,Sorghum,EAGC-RATIN,2018-11-19,2019-10-17,223,357,0.339,40,1,81,2.45723524629597,fair
81,Gulu,Millet,EAGC-RATIN,2018-09-10,2019-10-17,223,432,0.333,49,1,95,2.50069164062263,fair
82,Mbale,Beans,EAGC-RATIN,2018-06-05,2019-05-30,363,670,0.651,310,1,126,2.50407303184028,fair
83,Mbale,Peas,EAGC-RATIN,2018-01-02,2019-05-30,363,533,0.191,35,1,67,2.24592602794998,poor
84,Mbale,Rice,EAGC-RATIN,2017-09-04,2019-05-30,363,649,0.146,42,1,53,2.22519332071249,poor
85,Mbale,Maize,EAGC-RATIN,2017-03-07,2019-05-30,363,1055,0.368,240,1,148,2.55746000947454,fair
86,Lira,Beans,EAGC-RATIN,2018-05-18,2019-10-17,223,1184,0.728,666,1,196,2.89439577910847,great
87,Lira,Peas,EAGC-RATIN,2019-07-22,2019-10-17,223,136,0.581,48,3,31,2.36386235713456,medium
88,Lira,Rice,EAGC-RATIN,2017-04-06,2019-10-17,223,985,0.203,73,1,127,2.64661137954552,good
89,Lira,Maize,EAGC-RATIN,2018-01-18,2019-10-17,223,792,0.424,154,1,182,2.78005324742213,great
90,Lira,Sorghum,EAGC-RATIN,2018-11-07,2019-10-17,223,368,0.446,73,1,91,2.51112595435205,fair
91,Lira,Millet,EAGC-RATIN,2018-09-21,2019-10-17,223,411,0.392,69,1,92,2.50540012171132,fair
92,Meru,Barley,EAGC-RATIN,2017-08-02,2017-10-12,958,72,0.083,2,1,4,1.24540256298179,poor
93,Meru,Beans,EAGC-RATIN,2018-05-16,2019-10-14,226,996,0.614,479,1,133,2.71243628262364,good
94,Meru,Peas,EAGC-RATIN,2017-12-11,2019-10-14,226,944,0.475,271,1,177,2.79270400186107,great
96,Meru,Maize,EAGC-RATIN,2017-05-29,2019-10-14,226,886,0.124,37,1,73,2.48399332644455,fair
97,Meru,Sorghum,EAGC-RATIN,2018-10-08,2019-09-18,252,367,0.3,41,1,69,2.3844050720895,medium
98,Meru,Millet,EAGC-RATIN,2018-12-13,2019-10-14,226,334,0.359,44,1,76,2.44350323868454,fair
100,Dodoma,Peas,EAGC-RATIN,2018-02-02,2019-01-30,483,378,0.161,15,1,46,2.01203886986029,poor
101,Dodoma,Maize,EAGC-RATIN,2018-12-13,2019-06-20,342,200,0.375,39,1,36,2.19082620581367,poor
102,Dodoma,Sorghum,EAGC-RATIN,2018-10-29,2019-06-20,342,334,0.551,99,1,85,2.3752024904396,medium
103,Mwanza,Beans,EAGC-RATIN,2018-05-11,2019-06-19,343,692,0.542,287,1,88,2.41880686337572,fair
104,Mwanza,Beans,ACE Malawi/RATIN,2018-06-06,2018-11-21,553,169,0.024,1,112,3,0.841265411851369,poor
105,Mwanza,Peas,EAGC-RATIN,2018-04-13,2019-06-19,343,667,0.546,234,1,130,2.51675540935159,fair
107,Mwanza,Rice,EAGC-RATIN,2018-10-29,2019-06-13,349,246,0.325,31,1,49,2.20541792142783,poor
109,Mwanza,Wheat,EAGC-RATIN,2018-07-04,2019-06-19,343,429,0.352,78,1,73,2.30575939726171,medium
110,Mwanza,Maize,EAGC-RATIN,2018-05-12,2019-06-19,343,497,0.348,93,1,80,2.33186333768972,medium
111,Mwanza,Maize,ACE Malawi/RATIN,2017-09-18,2019-03-27,427,556,0.016,3,7,6,1.93883201844399,poor
112,Mwanza,Sorghum,EAGC-RATIN,2018-09-27,2019-06-19,343,357,0.473,91,1,78,2.33896065123149,medium
113,Mwanza,Millet,EAGC-RATIN,2018-10-04,2019-06-19,343,359,0.507,100,1,82,2.35784214043023,medium
114,Kimironko,Beans,EAGC-RATIN,2018-07-03,2019-10-17,223,1352,0.8,880,1,202,2.92449506614365,great
115,Kimironko,Peas,EAGC-RATIN,2019-08-05,2019-10-17,223,124,0.661,50,2,32,2.39850902583872,medium
116,Kimironko,Rice,EAGC-RATIN,2017-12-22,2019-10-17,223,866,0.417,201,1,160,2.73685604426788,good
117,Kimironko,Wheat,EAGC-RATIN,2018-06-25,2019-10-17,223,522,0.4,86,1,123,2.59697630320268,good
118,Kimironko,Maize,EAGC-RATIN,2018-12-12,2019-10-17,223,340,0.515,83,1,92,2.52848626681952,fair
119,Kimironko,Sorghum,EAGC-RATIN,2018-10-26,2019-10-17,223,572,0.668,215,1,167,2.76810497388279,great
120,Kimironko,Millet,EAGC-RATIN,2018-09-07,2019-10-17,223,446,0.435,85,1,109,2.56155404275987,fair
121,Makueni,Beans,EAGC-RATIN,2018-05-17,2019-09-24,246,654,0.37,158,1,84,2.48880569806188,fair
122,Makueni,Peas,EAGC-RATIN,2017-12-14,2019-09-24,246,747,0.262,97,1,99,2.51851271166485,fair
123,Makueni,Maize,EAGC-RATIN,2018-12-13,2019-09-24,246,299,0.241,21,1,51,2.32122915807931,medium
124,Rubavu,Beans,EAGC-RATIN,2018-11-01,2019-08-05,296,754,0.82,476,1,142,2.66237324763148,good
125,Rubavu,Peas,EAGC-RATIN,2017-12-15,2019-08-05,296,656,0.43,118,1,164,2.63040893500454,good
127,Rubavu,Wheat,EAGC-RATIN,2018-06-26,2019-08-05,296,449,0.399,83,1,96,2.43276011415742,fair
128,Rubavu,Maize,EAGC-RATIN,2018-12-06,2019-06-27,335,226,0.584,69,1,63,2.32928135178067,medium
129,Rubavu,Sorghum,EAGC-RATIN,2018-11-01,2019-08-05,296,295,0.447,71,1,61,2.34089257188855,medium
131,Ngozi,Beans,EAGC-RATIN,2018-07-16,2019-10-16,224,969,0.706,511,1,173,2.82002672321163,great
132,Ngozi,Peas,EAGC-RATIN,2017-12-15,2019-10-16,224,1174,0.665,503,1,278,3.08174042786557,great
133,Ngozi,Rice,EAGC-RATIN,2018-09-10,2019-10-16,224,626,0.629,224,1,170,2.7703633954905,great
134,Ngozi,Wheat,EAGC-RATIN,2018-06-27,2019-10-16,224,519,0.387,78,1,123,2.59231255599201,good
135,Ngozi,Maize,EAGC-RATIN,2018-12-05,2019-10-16,224,342,0.526,84,1,96,2.5399467148312,fair
136,Ngozi,Sorghum,EAGC-RATIN,2018-11-16,2019-10-16,224,370,0.505,86,1,101,2.54951182646537,fair
137,Ngozi,Millet,EAGC-RATIN,2019-08-06,2019-10-16,224,81,0.481,12,2,27,2.32281773909245,medium
138,Kamembe,Beans,EAGC-RATIN,2018-10-11,2019-06-28,334,590,0.78,329,1,131,2.57241384925498,good
139,Kamembe,Peas,EAGC-RATIN,2017-12-29,2019-06-28,334,789,0.568,242,1,206,2.72598994543907,good
140,Kamembe,Rice,EAGC-RATIN,2018-12-13,2019-06-28,334,226,0.646,79,1,67,2.35835773058589,medium
141,Kamembe,Maize,EAGC-RATIN,2018-12-12,2019-06-28,334,223,0.614,72,1,65,2.34383167584934,medium
142,Kamembe,Sorghum,EAGC-RATIN,2018-12-12,2019-06-28,334,229,0.638,78,1,68,2.35866843370168,medium
143,Ruhuha,Beans,EAGC-RATIN,2018-06-26,2018-09-21,614,88,0.091,3,3,5,1.65877820156079,poor
144,Ruhuha,Peas,EAGC-RATIN,2018-01-09,2018-09-27,608,262,0.156,8,1,33,1.80407530668376,poor
145,Ruhuha,Rice,EAGC-RATIN,2018-06-05,2018-09-18,617,106,0.094,2,6,8,1.64264189711011,poor
146,Ruhuha,Wheat,EAGC-RATIN,2018-09-18,2018-09-28,607,11,0.273,1,1,2,1.72255978546755,poor
147,Ruhuha,Sorghum,EAGC-RATIN,2018-09-18,2018-09-28,607,11,0.455,2,1,3,1.7871941419919,poor
148,Bujumbura,Beans,EAGC-RATIN,2018-10-30,2019-10-16,224,654,0.642,302,1,118,2.65193079126471,good
149,Bujumbura,Peas,EAGC-RATIN,2018-01-16,2019-10-16,224,698,0.321,71,1,153,2.67698598241689,good
150,Bujumbura,Rice,EAGC-RATIN,2018-06-18,2019-10-16,224,611,0.408,125,1,124,2.61264119288299,good
151,Bujumbura,Wheat,EAGC-RATIN,2018-07-24,2019-10-16,224,475,0.295,58,1,82,2.4661600253332,fair
152,Bujumbura,Maize,EAGC-RATIN,2018-12-13,2019-10-16,224,327,0.349,44,1,70,2.42792407873334,fair
153,Bujumbura,Sorghum,EAGC-RATIN,2018-11-14,2019-10-16,224,359,0.351,52,1,74,2.44286965511111,fair
154,Bujumbura,Millet,EAGC-RATIN,2019-07-29,2019-10-16,224,91,0.462,11,2,31,2.32743313169388,medium
155,Kabale,Beans,EAGC-RATIN,2018-06-21,2019-10-17,223,790,0.592,306,1,162,2.76140835382196,good
156,Kabale,Peas,EAGC-RATIN,2019-09-09,2019-10-17,223,54,0.611,15,2,18,2.34251697180347,medium
157,Kabale,Rice,EAGC-RATIN,2018-11-01,2019-10-17,223,408,0.458,69,1,118,2.58369559019976,good
158,Kabale,Maize,EAGC-RATIN,2018-01-19,2019-10-17,223,688,0.262,63,1,117,2.57943968834342,good
159,Kabale,Sorghum,EAGC-RATIN,2018-10-31,2019-10-17,223,372,0.414,69,1,85,2.4889020903619,fair
160,Kabale,Millet,EAGC-RATIN,2018-09-17,2019-10-17,223,419,0.389,63,1,100,2.5248006130943,fair
161,Owino,Beans,EAGC-RATIN,2018-06-14,2019-06-28,334,611,0.597,231,1,134,2.54181826879613,fair
162,Owino,Rice,EAGC-RATIN,2018-05-31,2019-06-28,334,534,0.494,140,1,124,2.48669977001489,fair
163,Owino,Maize,EAGC-RATIN,2018-01-19,2019-06-28,334,569,0.325,69,1,116,2.4345111143174,fair
166,Machakos,Beans,EAGC-RATIN,2018-05-22,2019-09-24,246,659,0.39,168,1,89,2.50549995589354,fair
167,Machakos,Peas,EAGC-RATIN,2018-01-19,2019-09-24,246,707,0.277,93,1,103,2.52403541650407,fair
168,Machakos,Maize,EAGC-RATIN,2018-12-13,2019-09-24,246,303,0.264,24,1,56,2.34023740858855,medium
170,Kampala,Beans,EAGC-RATIN,2018-06-25,2019-10-17,223,985,0.702,505,1,186,2.85295664146382,great
171,Kampala,Peas,EAGC-RATIN,2019-07-12,2019-10-17,223,142,0.535,44,2,32,2.36052680366091,medium
172,Kampala,Rice,EAGC-RATIN,2018-06-19,2019-10-17,223,680,0.532,194,1,168,2.75268766606352,good
173,Kampala,Maize,EAGC-RATIN,2018-01-26,2019-10-17,223,814,0.455,184,1,186,2.79795247848541,great
174,Kampala,Sorghum,EAGC-RATIN,2018-11-08,2019-10-17,223,366,0.445,74,1,89,2.50578091214195,fair
175,Kampala,Millet,EAGC-RATIN,2018-09-17,2019-10-17,223,426,0.42,75,1,104,2.54314682886297,fair
176,Yei,Beans,EAGC-RATIN,2018-10-11,2019-01-30,483,125,0.192,13,1,11,1.88948751139218,poor
177,Yei,Peas,EAGC-RATIN,2018-10-05,2019-01-10,503,102,0.088,4,7,5,1.76422127610409,poor
178,Yei,Rice,EAGC-RATIN,2018-12-13,2019-01-30,483,52,0.135,3,20,4,1.68609578490011,poor
180,Yei,Maize,EAGC-RATIN,2018-02-06,2019-01-30,483,368,0.049,9,1,9,1.89241840064696,poor
181,Yei,Sorghum,EAGC-RATIN,2018-10-02,2019-01-30,483,121,0.074,4,1,5,1.83688882208126,poor
182,Yei,Millet,EAGC-RATIN,2018-10-22,2019-01-30,483,104,0.096,3,1,7,1.84511578469522,poor
183,Tororo,Beans,EAGC-RATIN,2018-05-28,2019-06-28,334,879,0.741,482,1,169,2.67437791472427,good
184,Tororo,Rice,EAGC-RATIN,2018-10-22,2019-06-28,334,273,0.498,70,1,66,2.31792278764879,medium
185,Tororo,Maize,EAGC-RATIN,2018-02-14,2019-06-28,334,606,0.388,106,1,129,2.48482872248952,fair
186,Tororo,Sorghum,EAGC-RATIN,2018-11-20,2019-06-28,334,234,0.504,58,1,60,2.30066537697386,medium
187,Tororo,Millet,EAGC-RATIN,2018-09-21,2019-06-28,334,294,0.412,63,1,58,2.27731283575096,poor
188,Nakuru,Beans,EAGC-RATIN,2018-07-06,2019-10-11,229,604,0.373,141,1,84,2.50287136500716,fair
189,Nakuru,Peas,EAGC-RATIN,2018-03-02,2019-10-11,229,627,0.097,38,1,23,2.30331847528788,medium
190,Nakuru,Rice,EAGC-RATIN,2018-06-22,2019-09-17,253,513,0.222,60,4,54,2.32887600636686,medium
191,Nakuru,Wheat,EAGC-RATIN,2018-12-13,2019-09-18,252,302,0.235,22,4,49,2.28363573249873,poor
192,Nakuru,Maize,EAGC-RATIN,2018-12-13,2019-10-11,229,330,0.288,27,1,68,2.40081782365787,medium
193,Nakuru,Sorghum,EAGC-RATIN,2018-12-13,2019-10-11,229,320,0.256,17,1,65,2.38317227048261,medium
194,Nakuru,Millet,EAGC-RATIN,2018-12-13,2019-10-08,232,326,0.276,26,1,64,2.38365696950762,medium
196,Soroti,Beans,EAGC-RATIN,2018-07-20,2019-06-21,341,470,0.464,133,1,85,2.3702736075104,medium
197,Soroti,Peas,EAGC-RATIN,2018-04-24,2019-06-21,341,442,0.233,33,1,70,2.2734129686597,poor
198,Soroti,Maize,EAGC-RATIN,2018-12-13,2019-06-21,341,197,0.335,28,1,38,2.18428572223832,poor
199,Soroti,Sorghum,EAGC-RATIN,2018-11-01,2019-06-21,341,244,0.32,33,1,45,2.203948475579,poor
200,Soroti,Millet,EAGC-RATIN,2018-09-14,2019-06-05,357,274,0.27,24,1,50,2.18676364076309,poor
201,Kisumu,Beans,EAGC-RATIN,2018-05-17,2019-10-01,239,886,0.554,383,1,108,2.61727916497334,good
202,Kisumu,Peas,EAGC-RATIN,2018-05-25,2019-10-01,239,534,0.234,39,1,86,2.45304541336681,fair
203,Kisumu,Rice,EAGC-RATIN,2018-09-13,2019-07-24,308,336,0.292,39,1,59,2.28477568234709,poor
204,Kisumu,Wheat,EAGC-RATIN,2019-05-07,2019-07-24,308,81,0.049,2,78,2,1.40302007424745,poor
205,Kisumu,Maize,EAGC-RATIN,2018-12-13,2019-10-01,239,319,0.339,38,1,70,2.40557438691844,medium
206,Kisumu,Sorghum,EAGC-RATIN,2018-12-13,2019-10-01,239,314,0.315,33,1,66,2.38858750298294,medium
207,Kisumu,Millet,EAGC-RATIN,2018-11-01,2019-10-02,238,361,0.294,34,1,72,2.40610738316794,medium
208,Busia,Beans,EAGC-RATIN,2018-06-01,2019-06-30,332,1155,0.862,760,1,236,2.86670429291247,great
210,Busia,Maize,EAGC-RATIN,2018-12-08,2019-06-30,332,238,0.71,91,1,78,2.40680844057817,medium
211,Busia,Sorghum,EAGC-RATIN,2018-11-03,2019-06-30,332,272,0.647,102,1,74,2.38186926367906,medium
212,Busia,Millet,EAGC-RATIN,2018-09-14,2019-06-30,332,332,0.627,115,1,93,2.42702311885304,fair
213,Uvira,Beans,EAGC-RATIN,2018-09-06,2019-05-24,369,367,0.458,106,1,62,2.26639705026804,poor
214,Uvira,Rice,EAGC-RATIN,2018-06-28,2019-05-24,369,424,0.375,93,1,66,2.26232023977378,poor
215,Uvira,Wheat,EAGC-RATIN,2018-09-04,2019-05-24,369,284,0.271,21,1,56,2.1883320570013,poor
216,Uvira,Maize,EAGC-RATIN,2018-06-20,2019-05-24,369,394,0.287,55,1,58,2.2160278727145,poor
217,Goma,Beans,EAGC-RATIN,2018-10-09,2019-05-28,365,354,0.568,122,1,79,2.33953348716498,medium
218,Goma,Rice,EAGC-RATIN,2018-11-19,2019-05-28,365,240,0.512,49,1,74,2.2990652037467,medium
219,Goma,Wheat,EAGC-RATIN,2018-07-03,2019-05-27,366,337,0.237,23,1,57,2.19416437076877,poor
220,Goma,Maize,EAGC-RATIN,2018-06-21,2019-05-28,365,403,0.39,61,1,96,2.33938086982694,medium
221,Goma,Sorghum,EAGC-RATIN,2018-11-05,2019-05-28,365,209,0.34,28,1,43,2.17018552487022,poor
222,Goma,Millet,EAGC-RATIN,2018-09-12,2019-05-28,365,265,0.275,14,1,59,2.19825668776107,poor
223,Kolwezi,Beans,EAGC-RATIN,2018-07-05,2019-05-28,365,397,0.312,69,1,55,2.22071385188038,poor
224,Kolwezi,Rice,EAGC-RATIN,2018-07-05,2019-05-28,365,478,0.49,150,1,84,2.34584324878829,medium
225,Kolwezi,Maize,EAGC-RATIN,2018-06-27,2019-05-28,365,367,0.278,31,1,71,2.2449438728808,poor
226,Bukavu,Beans,EAGC-RATIN,2018-10-23,2019-05-28,365,304,0.53,86,1,75,2.31410505361697,medium
227,Bukavu,Rice,EAGC-RATIN,2018-07-04,2019-05-28,365,341,0.282,36,1,60,2.21549096334385,poor
228,Bukavu,Wheat,EAGC-RATIN,2018-08-03,2019-05-28,365,333,0.402,51,1,83,2.30151523751126,medium
229,Bukavu,Maize,EAGC-RATIN,2018-07-04,2019-05-28,365,417,0.484,88,1,114,2.4080827142209,fair
230,Kasumbalesa,Beans,EAGC-RATIN,2018-11-06,2019-05-24,369,212,0.241,14,1,37,2.12191449276877,poor
231,Kasumbalesa,Peas,EAGC-RATIN,2018-10-03,2019-05-24,369,262,0.267,28,1,42,2.15011799552502,poor
232,Kasumbalesa,Rice,EAGC-RATIN,2018-07-06,2019-05-24,369,324,0.151,16,1,33,2.10747930532581,poor
233,Kasumbalesa,Wheat,EAGC-RATIN,2018-11-01,2019-05-24,369,215,0.219,14,1,33,2.10637017238595,poor
234,Kasumbalesa,Maize,EAGC-RATIN,2018-07-06,2019-05-24,369,357,0.244,34,1,53,2.18645583575175,poor
235,Likasi,Beans,EAGC-RATIN,2018-09-21,2019-05-28,365,416,0.589,166,1,79,2.35147545004472,medium
236,Likasi,Rice,EAGC-RATIN,2018-07-11,2019-05-28,365,326,0.212,24,1,45,2.15808177376251,poor
238,Likasi,Maize,EAGC-RATIN,2018-07-12,2019-05-28,365,372,0.336,51,1,74,2.26824288998583,poor
239,Mulindi,Beans,EAGC-RATIN,2018-10-12,2019-10-16,224,880,0.761,510,1,160,2.79067945882494,great
241,Mulindi,Rice,EAGC-RATIN,2018-10-31,2019-10-16,224,380,0.447,85,1,85,2.49742515247666,fair
242,Mulindi,Wheat,EAGC-RATIN,2018-07-13,2019-10-16,224,498,0.378,94,1,94,2.51821237102922,fair
243,Mulindi,Maize,EAGC-RATIN,2018-12-10,2019-10-16,224,336,0.455,74,1,79,2.47949589483093,fair
244,Mulindi,Sorghum,EAGC-RATIN,2018-10-30,2019-10-16,224,382,0.45,83,1,89,2.50800165331741,fair
245,Mulindi,Millet,EAGC-RATIN,2018-09-19,2019-10-16,224,427,0.41,88,1,87,2.49912444535188,fair
246,Tunduma,Beans,EAGC-RATIN,2018-07-19,2019-07-01,331,1389,0.878,1041,1,179,2.74310628617986,good
247,Tunduma,Peas,EAGC-RATIN,2018-10-01,2019-07-01,331,381,0.633,107,1,134,2.53196287332428,fair
248,Tunduma,Rice,EAGC-RATIN,2018-10-20,2019-07-01,331,276,0.525,71,1,74,2.34867495563503,medium
249,Tunduma,Wheat,EAGC-RATIN,2018-09-27,2019-06-28,334,300,0.483,69,1,76,2.34078980600284,medium
250,Tunduma,Maize,EAGC-RATIN,2018-12-13,2019-07-01,331,217,0.571,62,1,62,2.32698687403131,medium
252,Tunduma,Millet,EAGC-RATIN,2018-09-26,2019-07-01,331,432,0.688,153,1,144,2.57429970064492,good
253,Ruhengeri,Beans,EAGC-RATIN,2018-10-26,2019-10-17,223,622,0.622,265,1,122,2.65557211978206,good
254,Ruhengeri,Peas,EAGC-RATIN,2019-07-30,2019-10-17,223,131,0.649,51,2,34,2.40009014991989,medium
255,Ruhengeri,Rice,EAGC-RATIN,2018-11-28,2019-10-17,223,382,0.411,58,1,99,2.52281972713427,fair
256,Ruhengeri,Wheat,EAGC-RATIN,2018-08-02,2019-10-17,223,479,0.303,40,1,105,2.52469771375901,fair
257,Ruhengeri,Maize,EAGC-RATIN,2018-12-12,2019-10-17,223,341,0.367,33,1,92,2.4885229935857,fair
258,Ruhengeri,Sorghum,EAGC-RATIN,2018-11-05,2019-10-17,223,377,0.353,37,1,96,2.49973638220753,fair
259,Ruhengeri,Millet,EAGC-RATIN,2018-09-14,2019-10-17,223,429,0.326,38,1,102,2.51511022063827,fair
260,Lubumbashi,Beans,EAGC-RATIN,2018-09-12,2019-10-17,223,697,0.571,296,1,102,2.60522660793147,good
261,Lubumbashi,Peas,EAGC-RATIN,2018-09-13,2019-10-17,223,420,0.264,46,1,65,2.40992093294824,fair
262,Lubumbashi,Rice,EAGC-RATIN,2018-11-01,2019-10-17,223,367,0.272,43,1,57,2.38387830609698,medium
263,Lubumbashi,Maize,EAGC-RATIN,2018-09-27,2019-10-17,223,499,0.401,113,1,87,2.50834579511946,fair
265,Kapchorwa,Beans,EAGC-RATIN,2019-08-07,2019-10-17,223,167,0.76,95,2,32,2.4327498431438,fair
266,Kapchorwa,Peas,EAGC-RATIN,2019-08-16,2019-10-17,223,73,0.507,10,2,27,2.33159673605685,medium
267,Kapchorwa,Rice,EAGC-RATIN,2019-08-07,2019-10-17,223,107,0.607,35,3,30,2.36681663642041,medium
268,Kapchorwa,Wheat,EAGC-RATIN,2019-08-07,2019-10-17,223,78,0.41,11,2,21,2.28613545910735,medium
269,Kapchorwa,Maize,EAGC-RATIN,2019-08-07,2019-10-17,223,88,0.5,16,2,28,2.33349025721538,medium
270,Kapchorwa,Sorghum,EAGC-RATIN,2019-08-07,2019-10-17,223,81,0.444,9,2,27,2.31194527297777,medium
271,Kapchorwa,Millet,EAGC-RATIN,2019-08-07,2019-10-17,223,81,0.457,9,2,28,2.31858634645654,medium
272,Kitale,Beans,EAGC-RATIN,2019-07-31,2019-10-11,229,98,0.418,25,1,16,2.28039551642507,poor
273,Kitale,Peas,EAGC-RATIN,2019-07-31,2019-10-11,229,97,0.412,24,1,16,2.27831559084348,poor
274,Kitale,Maize,EAGC-RATIN,2019-07-31,2019-10-11,229,79,0.241,6,3,13,2.19647113321719,poor
275,Kitale,Sorghum,EAGC-RATIN,2019-07-31,2019-10-11,229,76,0.211,5,3,11,2.18133990878633,poor
276,Kitale,Millet,EAGC-RATIN,2019-07-31,2019-10-09,231,74,0.243,5,1,13,2.20999786722735,poor
277,Songea,Beans,EAGC-RATIN,2019-08-16,2019-10-15,225,76,0.382,15,2,14,2.25757745750992,poor
278,Songea,Rice,EAGC-RATIN,2019-08-20,2019-10-15,225,60,0.267,4,2,12,2.21234916216951,poor
280,Songea,Maize,EAGC-RATIN,2019-08-16,2019-10-15,225,69,0.29,8,2,12,2.2214694709761,poor
281,Songea,Sorghum,EAGC-RATIN,2019-08-20,2019-10-15,225,58,0.19,3,2,8,2.17693173297271,poor
282,Songea,Millet,EAGC-RATIN,2019-08-16,2019-08-20,281,6,0.5,1,4,2,2.17446008955604,poor
283,Kobero,Beans,EAGC-RATIN,2019-07-07,2019-10-16,224,169,0.58,67,2,31,2.37386102427994,medium
284,Kobero,Peas,EAGC-RATIN,2019-07-07,2019-10-16,224,139,0.482,37,2,30,2.33754319368642,medium
285,Kobero,Rice,EAGC-RATIN,2019-07-07,2019-10-16,224,133,0.459,31,2,30,2.32954125213718,medium
287,Kobero,Maize,EAGC-RATIN,2019-08-16,2019-10-16,224,68,0.471,9,3,23,2.30028138525157,medium
288,Kobero,Sorghum,EAGC-RATIN,2019-07-07,2019-10-16,224,108,0.333,12,2,24,2.27153467080208,poor
289,Kobero,Millet,EAGC-RATIN,2019-08-19,2019-10-16,224,68,0.529,12,2,24,2.32988297625076,medium
290,Gichumbi,Beans,EAGC-RATIN,2019-07-30,2019-08-31,270,44,0.318,11,6,3,2.11773572376265,poor
291,Gichumbi,Peas,EAGC-RATIN,2019-07-30,2019-08-31,270,33,0.091,1,26,2,1.87486174476409,poor
292,Gichumbi,Rice,EAGC-RATIN,2019-07-23,2019-08-05,296,16,0.312,2,7,3,2.07125312669852,poor
293,Gichumbi,Wheat,EAGC-RATIN,2019-07-30,2019-08-31,270,36,0.167,3,6,3,2.06561985527526,poor
294,Gichumbi,Maize,EAGC-RATIN,2019-07-30,2019-08-31,270,33,0.091,1,26,2,1.87486174476409,poor
296,Gichumbi,Millet,EAGC-RATIN,2019-07-27,2019-08-31,270,37,0.108,1,9,3,2.0216344133659,poor
297,Gicumbi,Beans,EAGC-RATIN,2019-07-30,2019-10-17,223,199,0.759,119,2,32,2.43455752345196,fair
298,Gicumbi,Peas,EAGC-RATIN,2019-07-30,2019-10-17,223,127,0.622,47,2,32,2.38641022945346,medium
299,Gicumbi,Rice,EAGC-RATIN,2019-07-23,2019-10-17,223,124,0.565,37,2,33,2.37041078367427,medium
300,Gicumbi,Wheat,EAGC-RATIN,2019-07-30,2019-10-17,223,90,0.467,13,2,29,2.32539250486128,medium
301,Gicumbi,Maize,EAGC-RATIN,2019-07-30,2019-10-17,223,98,0.49,18,2,30,2.33623159539445,medium
302,Gicumbi,Sorghum,EAGC-RATIN,2019-08-05,2019-10-17,223,81,0.432,11,2,24,2.30089036375323,medium
303,Gicumbi,Millet,EAGC-RATIN,2019-07-27,2019-10-17,223,93,0.452,13,2,29,2.32091305244632,medium
304,Kigoma,Beans,EAGC-RATIN,2019-08-07,2019-10-15,225,137,0.642,67,2,21,2.36502843946295,medium
305,Kigoma,Peas,EAGC-RATIN,2019-08-07,2019-10-15,225,96,0.448,26,3,17,2.28089998411698,poor
306,Kigoma,Rice,EAGC-RATIN,2019-08-05,2019-10-15,225,75,0.32,5,3,19,2.24085960660507,poor
307,Kigoma,Wheat,EAGC-RATIN,2019-08-06,2019-10-15,225,76,0.276,5,2,16,2.22755134347191,poor
308,Kigoma,Maize,EAGC-RATIN,2019-08-05,2019-10-15,225,87,0.402,15,2,20,2.27996594446446,poor
309,Kigoma,Sorghum,EAGC-RATIN,2019-08-07,2019-10-15,225,74,0.297,5,2,17,2.23648985518522,poor
310,Kigoma,Millet,EAGC-RATIN,2019-08-06,2019-10-15,225,77,0.325,6,2,19,2.25093221624065,poor